Workbook

Sheet 00_使い方
A1: 実装WBS（詳細版）
A2: 設計書をもとに、実装着手しやすい粒度まで分解した作業管理シート
A4: 使い方
A5: 1. まずは『01_サマリー』で全体時間と優先度を確認
A6: 2. 実装着手は『02_WBS全体』を上から順に進める
A7: 3. JWT / RBAC / S3 / エラー / AWS は詳細シートを見ながら実装
A8: 4. ステータスは 未着手 / 進行中 / 完了 / 保留 のいずれかで更新
A9: 5. MVP完了後に コメント・添付・チーム機能 の順で拡張するのがおすすめ
A12: 推奨実装順
A13: Phase 1: 開発準備 → バックエンド基盤 → 認証/JWT
A14: Phase 2: タスクAPI → フロントMVP → エラー/ログ基盤
A15: Phase 3: RBAC → コメント → 添付/S3
... A20: このWBSは『MVP優先 → 将来拡張』で並べています。チーム機能は低優先度に寄せています。

Sheet 01_サマリー
A1: サマリー
A2: 02_WBS全体 を更新すると集計が自動で変わります
A4: フェーズ | B4: 件数 | C4: 完了件数 | D4: 進捗率 | E4: 見積時間合計 | F4: High件数
A5: 開発準備 | B5: =COUNTIF('02_WBS全体'!B:B,A5) -> 6 | C5: =COUNTIFS('02_WBS全体'!B:B,A5,'02_WBS全体'!F:F,"完了") -> 3 | D5: =IF(B5=0,0,C5/B5) -> 0.5 | E5: =SUMIF('02_WBS全体'!B:B,A5,'02_WBS全体'!H:H) -> 13 | F5: =COUNTIFS('02_WBS全体'!B:B,A5,'02_WBS全体'!I:I,"High") -> 4
A6: バックエンド基盤 | B6: =COUNTIF('02_WBS全体'!B:B,A6) -> 9 | C6: =COUNTIFS('02_WBS全体'!B:B,A6,'02_WBS全体'!F:F,"完了") -> 9 | D6: =IF(B6=0,0,C6/B6) -> 1 | E6: =SUMIF('02_WBS全体'!B:B,A6,'02_WBS全体'!H:H) -> 19 | F6: =COUNTIFS('02_WBS全体'!B:B,A6,'02_WBS全体'!I:I,"High") -> 6
A7: 認証/JWT | B7: =COUNTIF('02_WBS全体'!B:B,A7) -> 8 | C7: =COUNTIFS('02_WBS全体'!B:B,A7,'02_WBS全体'!F:F,"完了") -> 8 | D7: =IF(B7=0,0,C7/B7) -> 1 | E7: =SUMIF('02_WBS全体'!B:B,A7,'02_WBS全体'!H:H) -> 20 | F7: =COUNTIFS('02_WBS全体'!B:B,A7,'02_WBS全体'!I:I,"High") -> 7
A8: タスク機能(MVP) | B8: =COUNTIF('02_WBS全体'!B:B,A8) -> 7 | C8: =COUNTIFS('02_WBS全体'!B:B,A8,'02_WBS全体'!F:F,"完了") -> 7 | D8: =IF(B8=0,0,C8/B8) -> 1 | E8: =SUMIF('02_WBS全体'!B:B,A8,'02_WBS全体'!H:H) -> 21 | F8: =COUNTIFS('02_WBS全体'!B:B,A8,'02_WBS全体'!I:I,"High") -> 6
A9: フロントエンド(MVP) | B9: =COUNTIF('02_WBS全体'!B:B,A9) -> 11 | C9: =COUNTIFS('02_WBS全体'!B:B,A9,'02_WBS全体'!F:F,"完了") -> 7 | D9: =IF(B9=0,0,C9/B9) -> 0.63636364 | E9: =SUMIF('02_WBS全体'!B:B,A9,'02_WBS全体'!H:H) -> 32 | F9: =COUNTIFS('02_WBS全体'!B:B,A9,'02_WBS全体'!I:I,"High") -> 11
A10: 認可(RBAC) | B10: =COUNTIF('02_WBS全体'!B:B,A10) -> 4 | C10: =COUNTIFS('02_WBS全体'!B:B,A10,'02_WBS全体'!F:F,"完了") -> 0 | D10: =IF(B10=0,0,C10/B10) -> 0 | E10: =SUMIF('02_WBS全体'!B:B,A10,'02_WBS全体'!H:H) -> 11 | F10: =COUNTIFS('02_WBS全体'!B:B,A10,'02_WBS全体'!I:I,"High") -> 4
A11: コメント機能 | B11: =COUNTIF('02_WBS全体'!B:B,A11) -> 6 | C11: =COUNTIFS('02_WBS全体'!B:B,A11,'02_WBS全体'!F:F,"完了") -> 0 | D11: =IF(B11=0,0,C11/B11) -> 0 | E11: =SUMIF('02_WBS全体'!B:B,A11,'02_WBS全体'!H:H) -> 15 | F11: =COUNTIFS('02_WBS全体'!B:B,A11,'02_WBS全体'!I:I,"High") -> 0
A12: 添付/S3 | B12: =COUNTIF('02_WBS全体'!B:B,A12) -> 8 | C12: =COUNTIFS('02_WBS全体'!B:B,A12,'02_WBS全体'!F:F,"完了") -> 0 | D12: =IF(B12=0,0,C12/B12) -> 0 | E12: =SUMIF('02_WBS全体'!B:B,A12,'02_WBS全体'!H:H) -> 22 | F12: =COUNTIFS('02_WBS全体'!B:B,A12,'02_WBS全体'!I:I,"High") -> 0
A13: チーム機能(将来拡張) | B13: =COUNTIF('02_WBS全体'!B:B,A13) -> 5 | C13: =COUNTIFS('02_WBS全体'!B:B,A13,'02_WBS全体'!F:F,"完了") -> 0 | D13: =IF(B13=0,0,C13/B13) -> 0 | E13: =SUMIF('02_WBS全体'!B:B,A13,'02_WBS全体'!H:H) -> 16 | F13: =COUNTIFS('02_WBS全体'!B:B,A13,'02_WBS全体'!I:I,"High") -> 0
A14: エラー/ログ/非機能 | B14: =COUNTIF('02_WBS全体'!B:B,A14) -> 9 | C14: =COUNTIFS('02_WBS全体'!B:B,A14,'02_WBS全体'!F:F,"完了") -> 0 | D14: =IF(B14=0,0,C14/B14) -> 0 | E14: =SUMIF('02_WBS全体'!B:B,A14,'02_WBS全体'!H:H) -> 22 | F14: =COUNTIFS('02_WBS全体'!B:B,A14,'02_WBS全体'!I:I,"High") -> 5
A15: AWS/デプロイ | B15: =COUNTIF('02_WBS全体'!B:B,A15) -> 7 | C15: =COUNTIFS('02_WBS全体'!B:B,A15,'02_WBS全体'!F:F,"完了") -> 0 | D15: =IF(B15=0,0,C15/B15) -> 0 | E15: =SUMIF('02_WBS全体'!B:B,A15,'02_WBS全体'!H:H) -> 19 | F15: =COUNTIFS('02_WBS全体'!B:B,A15,'02_WBS全体'!I:I,"High") -> 2
A16: テスト/仕上げ | B16: =COUNTIF('02_WBS全体'!B:B,A16) -> 6 | C16: =COUNTIFS('02_WBS全体'!B:B,A16,'02_WBS全体'!F:F,"完了") -> 0 | D16: =IF(B16=0,0,C16/B16) -> 0 | E16: =SUMIF('02_WBS全体'!B:B,A16,'02_WBS全体'!H:H) -> 16 | F16: =COUNTIFS('02_WBS全体'!B:B,A16,'02_WBS全体'!I:I,"High") -> 3
A17: 合計 | B17: =SUM(B5:B16) -> 86 | C17: =SUM(C5:C16) -> 34 | D17: =IF(B17=0,0,C17/B17) -> 0.39534884 | E17: =SUM(E5:E16) -> 226 | F17: =SUM(F5:F16) -> 48

Sheet 02_WBS全体
A1: WBS全体
A2: MVPから将来拡張まで。見積時間は作業目安。
A4: WBS ID | B4: フェーズ | C4: 区分 | D4: タスク | E4: 実装メモ | F4: ステータス | G4: 依存 | H4: 見積(時間) | I4: 優先度 | J4: 完了条件
A5: 1 | B5: 開発準備 | C5: リポジトリ/開発環境 | D5: プロジェクト雛形作成 | E5: backend(Spring Boot) / frontend(React+Vite) の初期生成 | F5: 完了 | H5: 4 | I5: High | J5: 動作確認できる雛形を先に作る | K5: ローカル起動成功
A6: 1.1 | B6: 開発準備 | C6: リポジトリ/開発環境 | D6: 依存関係追加 | E6: Spring Web, Security, Validation, JPA, PostgreSQL, Lombok | F6: 完了 | G6: 1 | H6: 2 | I6: High | J6: MVPに必要な依存へ絞る | K6: build成功
A7: 1.2 | B7: 開発準備 | C7: リポジトリ/開発環境 | D7: Docker Compose作成 | E7: PostgreSQL を docker-compose で起動 | F7: 完了 | G7: 1 | H7: 2 | I7: High | J7: DB接続を先に安定化 | K7: DB接続OK
A8: 1.3 | B8: 開発準備 | C8: 設定管理 | D8: application-local.yml / .env 整備 | E8: DB/JWT/S3/AWS 用の環境変数整理 | F8: 未着手 | G8: 1.2 | H8: 2 | I8: High | J8: 環境差分を明確化 | K8: ローカル設定で起動
A9: 1.4 | B9: 開発準備 | C9: 品質基盤 | D9: コード整形/静的解析 | E9: Backend/Frontend の format・lint 導入 | F9: 未着手 | G9: 1 | H9: 2 | I9: Med | J9: 後で崩れない土台を作る | K9: lint通過
A10: 1.5 | B10: 開発準備 | C10: Git運用 | D10: README初期化・ブランチ運用ルール | E10: main/dev/feature を決める | F10: 未着手 | G10: 1 | H10: 1 | I10: Med | J10: 実装しながら説明しやすくする | K10: README初版
A11: 2 | B11: バックエンド基盤 | C11: 共通構成 | D11: パッケージ構成作成 | E11: controller/service/repository/dto/entity/config/exception | F11: 完了 | G11: 1.1 | H11: 2 | I11: High | J11: 責務分離を先に固定 | K11: 雛形作成完了
A12: 2.1 | B12: バックエンド基盤 | C12: 共通構成 | D12: BaseEntity / 監査項目 | E12: createdAt/updatedAt の共通化 | F12: 完了 | G12: 2 | H12: 2 | I12: Med | J12: 全テーブル共通の監査項目を揃える | K12: JPA監査動作
A13: 2.2 | B13: バックエンド基盤 | C13: 共通構成 | D13: Enum定義 | E13: TaskStatus / Priority / TeamRole | F13: 完了 | G13: 2 | H13: 1 | I13: High | J13: 不正値を減らす | K13: enum利用開始
A14: 2.3 | B14: バックエンド基盤 | C14: DB実装 | D14: User Entity実装 | E14: users テーブルに対応 | F14: 完了 | G14: 2.1 | H14: 2 | I14: High | J14: 認証の土台 | K14: Entity/Repository作成
A15: 2.4 | B15: バックエンド基盤 | C15: DB実装 | D15: Task Entity実装 | E15: tasks テーブルに対応 | F15: 完了 | G15: 2.1 | H15: 3 | I15: High | J15: MVP中心機能 | K15: Entity/Repository作成
A16: 2.5 | B16: バックエンド基盤 | C16: DB実装 | D16: FlywayまたはDDL整備 | E16: テーブル作成SQL / migration作成 | F16: 完了 | G16: 2.3 | H16: 3 | I16: High | J16: 再現可能なDB構築 | K16: migration適用成功
A17: 2.6 | B17: バックエンド基盤 | C17: DTO設計 | D17: Request/Response DTO作成 | E17: API設計書に合わせる | F17: 完了 | G17: 2.4 | H17: 3 | I17: High | J17: Entity直返しを避ける | K17: DTO作成
... A90: 12.5 | B90: テスト/仕上げ | C90: デモ準備 | D90: 3分説明台本作成 | E90: 設計→実装→工夫点 を話せる状態 | F90: 未着手 | G90: 12.2 | H90: 2 | I90: Med | J90: ポートフォリオ用途に最適化 | K90: 説明台本完成

Sheet 03_JWT詳細
A1: JWT実装詳細
A2: 認証・認可の前段を先に固める | I2: 使い方
I3: このシートは実装の手順書として使い、完了したら 02_WBS全体 のステータスも更新してください。
A4: ID | B4: カテゴリ | C4: タスク | D4: 詳細 | E4: 見積(時間) | F4: 優先度 | G4: 関連WBS
A5: J-1 | B5: 認証基盤 | C5: PasswordEncoder設定 | D5: BCryptPasswordEncoder を Bean 化 | E5: 1 | F5: High | G5: 3
A6: J-2 | B6: 認証基盤 | C6: Register DTO/Validation | D6: name/email/password の制約付与 | E6: 1 | F6: High | G6: 3.1
A7: J-3 | B7: 認証基盤 | C7: 登録API | D7: 重複メールは USR-001 を返す | E7: 3 | F7: High | G7: 3.1
A8: J-4 | B8: 認証基盤 | C8: ログインAPI | D8: email+password を検証し token を返す | E8: 3 | F8: High | G8: 3.2
A9: J-5 | B9: JWT | C9: トークン生成 | D9: subject=userId, role, exp を含める | E9: 2 | F9: High | G9: 3.3
A10: J-6 | B10: JWT | C10: トークン検証 | D10: 署名/期限切れ/形式不正を判定 | E10: 2 | F10: High | G10: 3.3
A11: J-7 | B11: JWT | C11: 認証フィルタ | D11: Bearer Token を解析して SecurityContext へ設定 | E11: 3 | F11: High | G11: 3.4
A12: J-8 | B12: Security | C12: 公開/保護API設定 | D12: /api/auth/** は permitAll, 他は authenticated | E12: 2 | F12: High | G12: 3.5
A13: J-9 | B13: Security | C13: 401/403ハンドラ | D13: AUTH-001~005 の出し分け | E13: 2 | F13: High | G13: 3.7,10
A14: J-10 | B14: UI連携 | C14: フロント側保存/送出 | D14: ログイン成功時 token 保存、以後自動付与 | E14: 2 | F14: High | G14: 5.1,5.3
A15: J-11 | B15: テスト | C15: 正常系 | D15: 登録→ログイン→保護APIアクセス | E15: 2 | F15: High | G15: 3.7
A16: J-12 | B16: テスト | C16: 異常系 | D16: 誤パスワード、期限切れ、トークンなし | E16: 2 | F16: High | G16: 3.7

Sheet 04_RBAC詳細
A1: RBAC実装詳細
A2: Service層に認可判定を集約する前提 | I2: 使い方
I3: このシートは実装の手順書として使い、完了したら 02_WBS全体 のステータスも更新してください。
A4: ID | B4: 領域 | C4: タスク | D4: 詳細 | E4: 見積(時間) | F4: 優先度 | G4: 関連WBS
A5: R-1 | B5: 方針 | C5: ロール定義 | D5: MEMBER / ADMIN / ANONYMOUS | E5: 1 | F5: High | G5: 2.2,6
A6: R-2 | B6: 方針 | C6: 所有者条件定義 | D6: 作成者/担当者/投稿者/チーム管理者 | E6: 2 | F6: High | G6: 6
A7: R-3 | B7: タスク | C7: 更新権限 | D7: 作成者・担当者・チーム管理者のみ | E7: 3 | F7: High | G7: 6.1
A8: R-4 | B8: タスク | C8: 削除権限 | D8: 作成者・チーム管理者のみ | E8: 2 | F8: High | G8: 6.2
A9: R-5 | B9: コメント | C9: 更新削除権限 | D9: 投稿者本人 or ADMIN | E9: 2 | F9: Med | G9: 7.3
A10: R-6 | B10: 添付 | C10: 削除権限 | D10: 登録者本人 or ADMIN | E10: 2 | F10: Med | G10: 8.4
A11: R-7 | B11: チーム | C11: メンバー管理権限 | D11: ADMIN のみ追加/削除/ロール更新 | E11: 3 | F11: Low | G11: 9.3
A12: R-8 | B12: 実装位置 | C12: Service層集約 | D12: Controllerに認可判定を書かない | E12: 2 | F12: High | G12: 6
A13: R-9 | B13: 例外 | C13: 403エラーコード整理 | D13: PERM-* / AUTH-005 を返す | E13: 2 | F13: High | G13: 10.1
A14: R-10 | B14: テスト | C14: 本人/他人/ADMINケース | D14: 最低3パターンを作る | E14: 3 | F14: High | G14: 6.3,7.5

Sheet 05_S3添付詳細
A1: S3/添付実装詳細
A2: S3保存 + DBメタ管理 + UI接続 | I2: 使い方
I3: このシートは実装の手順書として使い、完了したら 02_WBS全体 のステータスも更新してください。
A4: ID | B4: 領域 | C4: タスク | D4: 詳細 | E4: 見積(時間) | F4: 優先度 | G4: 関連WBS
A5: S-1 | B5: AWS準備 | C5: S3バケット作成 | D5: 添付用バケットを作成 | E5: 2 | F5: Med | G5: 8
A6: S-2 | B6: AWS準備 | C6: IAM設定 | D6: アップロード/取得/削除権限を付与 | E6: 2 | F6: Med | G6: 8
A7: S-3 | B7: 設定 | C7: 環境変数追加 | D7: bucket/region/accessKey/secretKey | E7: 1 | F7: Med | G7: 1.3
A8: S-4 | B8: API | C8: アップロード実装 | D8: multipart 受信→S3保存→DBメタ保存 | E8: 4 | F8: Med | G8: 8.2
A9: S-5 | B9: API | C9: 一覧取得実装 | D9: taskId で添付メタ一覧を返す | E9: 2 | F9: Med | G9: 8.3
A10: S-6 | B10: API | C10: ダウンロード実装 | D10: attachmentId から取得して返却 | E10: 2 | F10: Med | G10: 8.3
A11: S-7 | B11: API | C11: 削除実装 | D11: S3本体+DBメタを削除 | E11: 2 | F11: Med | G11: 8.4
A12: S-8 | B12: 検証 | C12: ファイルバリデーション | D12: サイズ/拡張子/未選択エラー | E12: 2 | F12: Med | G12: 8.5
A13: S-9 | B13: UI | C13: タスク詳細の添付欄 | D13: 一覧/アップロード/削除導線 | E13: 4 | F13: Med | G13: 8.6
A14: S-10 | B14: 異常系 | C14: S3失敗時のエラー化 | D14: SYS-S3-001 / 002 を返す | E14: 2 | F14: Med | G14: 8.7,10

Sheet 06_エラー_ログ詳細
A1: エラー/ログ実装詳細
A2: errorCode と requestId を軸に実装 | I2: 使い方
I3: このシートは実装の手順書として使い、完了したら 02_WBS全体 のステータスも更新してください。
A4: ID | B4: 領域 | C4: タスク | D4: 詳細 | E4: 見積(時間) | F4: 優先度 | G4: 関連WBS
A5: E-1 | B5: 例外処理 | C5: 標準エラーレスポンス作成 | D5: timestamp/status/errorCode/message/details/path/requestId | E5: 3 | F5: High | G5: 10
A6: E-2 | B6: 例外処理 | C6: ValidationException対応 | D6: 400 + VAL-* を返す | E6: 2 | F6: High | G6: 10.1
A7: E-3 | B7: 例外処理 | C7: AuthenticationException対応 | D7: 401 + AUTH-* を返す | E7: 2 | F7: High | G7: 10.1
A8: E-4 | B8: 例外処理 | C8: AccessDeniedException対応 | D8: 403 + PERM-* / AUTH-005 | E8: 2 | F8: High | G8: 10.1
A9: E-5 | B9: 例外処理 | C9: NotFound/Conflict対応 | D9: 404 + RES-* / 409 + USR-* | E9: 2 | F9: High | G9: 10.1
A10: E-6 | B10: 例外処理 | C10: Storage/DB例外対応 | D10: 500 + SYS-* | E10: 2 | F10: High | G10: 10.1
A11: E-7 | B11: ログ | C11: requestId採番 | D11: MDC 等でログへ埋め込む | E11: 2 | F11: High | G11: 10.2
A12: E-8 | B12: ログ | C12: カテゴリ分離 | D12: application/auth/exception/audit | E12: 3 | F12: Med | G12: 10.3
A13: E-9 | B13: ログ | C13: WARN/ERROR方針実装 | D13: 業務エラーはWARN、障害はERROR | E13: 2 | F13: Med | G13: 10.4
A14: E-10 | B14: UI連携 | C14: errorCode別フロント挙動 | D14: 401→ログイン遷移, VAL→項目表示 | E14: 2 | F14: High | G14: 5.9

Sheet 07_AWS詳細
A1: AWS/デプロイ詳細
A2: ポートフォリオ向けに説明しやすい構成を優先 | I2: 使い方
I3: このシートは実装の手順書として使い、完了したら 02_WBS全体 のステータスも更新してください。
A4: ID | B4: 領域 | C4: タスク | D4: 詳細 | E4: 見積(時間) | F4: 優先度 | G4: 関連WBS
A5: A-1 | B5: 基盤 | C5: RDS構築 | D5: PostgreSQL インスタンス作成 | E5: 3 | F5: Med | G5: 11
A6: A-2 | B6: 基盤 | C6: EC2構築 | D6: Java実行環境とアプリ配置先準備 | E6: 3 | F6: Med | G6: 11.1
A7: A-3 | B7: 基盤 | C7: S3/CloudFront構成 | D7: React build の静的配信 | E7: 3 | F7: Low | G7: 11.2
A8: A-4 | B8: 設定 | C8: 環境変数/Secrets設定 | D8: DB/JWT/S3 の本番値を設定 | E8: 2 | F8: High | G8: 11.3
A9: A-5 | B9: デプロイ | C9: Backendデプロイ手順 | D9: jar配置・起動・再起動コマンド | E9: 3 | F9: High | G9: 11.3
A10: A-6 | B10: デプロイ | C10: Frontendデプロイ手順 | D10: build→S3 upload→cache invalidation | E10: 2 | F10: Low | G10: 11.2
A11: A-7 | B11: 運用 | C11: CloudWatch Logs連携 | D11: 認証/例外/監査ログを確認 | E11: 3 | F11: High | G11: 11.4
A12: A-8 | B12: 運用 | C12: Security Group調整 | D12: 必要ポートのみ開放 | E12: 2 | F12: High | G12: 11.5
A13: A-9 | B13: 運用 | C13: 疎通テスト | D13: 公開URLから login → task 一覧 | E13: 2 | F13: High | G13: 11.5
A14: A-10 | B14: 保守 | C14: バックアップ方針メモ | D14: RDS backup / S3 保存 / 障害時影響 | E14: 2 | F14: Low | G14: 11.6

Sheet 08_受入チェック
A1: 受入チェック
A2: 実装の完了判定に使う簡易チェックリスト
A4: ID | B4: チェック項目 | C4: 確認観点 | D4: 結果 | E4: 関連WBS
A5: MVP-1 | B5: 登録→ログインが成功する | C5: 201/200 が返り token が取得できる | D5: 未確認 | E5: 3.1,3.2
A6: MVP-2 | B6: 未認証で /api/tasks にアクセスすると 401 | C6: AUTH-001/003/004 のどれかで返る | D6: 未確認 | E6: 3.7,10
A7: MVP-3 | B7: タスクCRUDが画面から実行できる | C7: 一覧・作成・詳細・更新・削除 | D7: 未確認 | E7: 4~5
A8: MVP-4 | B8: 入力エラーが画面に出る | C8: title 未入力等で details が表示される | D8: 未確認 | E8: 5.9,10
A9: MVP-5 | B9: RBACで他人のタスク更新/削除が拒否される | C9: 403 + PERM-* | D9: 未確認 | E9: 6
A10: EXT-1 | B10: コメントの投稿/編集/削除が動く | C10: 本人またはADMINのみ編集削除可 | D10: 未確認 | E10: 7
A11: EXT-2 | B11: 添付のアップロード/ダウンロード/削除が動く | C11: S3連携含む | D11: 未確認 | E11: 8
A12: INF-1 | B12: CloudWatch にログが集約される | C12: requestId で追跡可能 | D12: 未確認 | E12: 10.3,11.4
A13: INF-2 | B13: 主要操作が3秒以内 | C13: login/list/detail/create/update/delete | D13: 未確認 | E13: 10.8
A14: DOC-1 | B14: READMEで起動方法と設計意図が説明できる | C14: 面談前チェック項目 | D14: 未確認 | E14: 12.2,12.5
